Circuit,Links,Overlaps,Year,Country
Adelaide,/en/1985/australie,302,1985,Australia
Adelaide,/en/1989/australie,219,1989,Australia
Adelaide,/en/1993/australie,119,1993,Australia
Adelaide,/en/1991/australie,104,1991,Australia
Adelaide,/en/1995/australie,159,1995,Australia
Adelaide,/en/1988/australie,174,1988,Australia
Adelaide,/en/1986/australie,237,1986,Australia
Adelaide,/en/1990/australie,150,1990,Australia
Adelaide,/en/1994/australie,227,1994,Australia
Adelaide,/en/1992/australie,183,1992,Australia
Adelaide,/en/1987/australie,208,1987,Australia
Aida,/en/1994/pacifique,264,1994,Japan
Aida,/en/1995/pacifique,159,1995,Japan
Ain-Diab,/en/1958/maroc,166,1958,Morocco
Aintree,/en/1959/grande-bretagne,182,1959,United Kingdom
Aintree,/en/1957/grande-bretagne,134,1957,United Kingdom
Aintree,/en/1961/grande-bretagne,285,1961,United Kingdom
Aintree,/en/1962/grande-bretagne,111,1962,United Kingdom
Aintree,/en/1955/grande-bretagne,205,1955,United Kingdom
Anderstorp,/en/1977/suede,204,1977,Sweden
Anderstorp,/en/1974/suede,159,1974,Sweden
Anderstorp,/en/1978/suede,161,1978,Sweden
Anderstorp,/en/1975/suede,242,1975,Sweden
Anderstorp,/en/1973/suede,92,1973,Sweden
Anderstorp,/en/1976/suede,111,1976,Sweden
Austin,/en/2013/etats-unis,117,2013,USA
Austin,/en/2021/etats-unis,167,2021,USA
Austin,/en/2016/etats-unis,234,2016,USA
Austin,/en/2019/etats-unis,185,2019,USA
Austin,/en/2017/etats-unis,149,2017,USA
Austin,/en/2014/etats-unis,199,2014,USA
Austin,/en/2018/etats-unis,147,2018,USA
Austin,/en/2012/etats-unis,194,2012,USA
Austin,/en/2015/etats-unis,187,2015,USA
Austin,/en/2022/etats-unis,275,2022,USA
Avus,/en/1959/allemagne,161,1959,Germany
Bakou,/en/2016/europe,270,2016,Azerbaijan
Barcelone,/en/1993/espagne,140,1993,Spain
Barcelone,/en/1994/espagne,274,1994,Spain
Barcelone,/en/2018/espagne,129,2018,Spain
Barcelone,/en/2001/espagne,183,2001,Spain
Barcelone,/en/2002/espagne,151,2002,Spain
Barcelone,/en/1998/espagne,152,1998,Spain
Barcelone,/en/2007/espagne,159,2007,Spain
Barcelone,/en/2000/espagne,150,2000,Spain
Barcelone,/en/1997/espagne,261,1997,Spain
Barcelone,/en/1991/espagne,355,1991,Spain
Barcelone,/en/2003/espagne,202,2003,Spain
Barcelone,/en/2019/espagne,130,2019,Spain
Barcelone,/en/2015/espagne,178,2015,Spain
Barcelone,/en/2016/espagne,308,2016,Spain
Barcelone,/en/2022/espagne,234,2022,Spain
Barcelone,/en/1992/espagne,183,1992,Spain
Barcelone,/en/1996/espagne,83,1996,Spain
Barcelone,/en/2023/espagne,299,2023,Spain
Barcelone,/en/1999/espagne,141,1999,Spain
Barcelone,/en/2017/espagne,147,2017,Spain
Barcelone,/en/2013/espagne,350,2013,Spain
Barcelone,/en/1995/espagne,245,1995,Spain
Barcelone,/en/2014/espagne,250,2014,Spain
Barcelone,/en/2006/espagne,139,2006,Spain
Barcelone,/en/2004/espagne,206,2004,Spain
Barcelone,/en/2012/espagne,380,2012,Spain
Barcelone,/en/2021/espagne,177,2021,Spain
Barcelone,/en/2009/espagne,139,2009,Spain
Barcelone,/en/2010/espagne,110,2010,Spain
Barcelone,/en/2008/espagne,181,2008,Spain
Barcelone,/en/2005/espagne,120,2005,Spain
Barcelone,/en/2020/espagne,184,2020,Spain
Barcelone,/en/2011/espagne,318,2011,Spain
Brands-Hatch,/en/1984/grande-bretagne,141,1984,NA
Brands-Hatch,/en/1964/grande-bretagne,159,1964,NA
Brands-Hatch,/en/1966/grande-bretagne,118,1966,NA
Brands-Hatch,/en/1968/grande-bretagne,123,1968,NA
Brands-Hatch,/en/1970/grande-bretagne,164,1970,NA
Brands-Hatch,/en/1972/grande-bretagne,222,1972,NA
Brands-Hatch,/en/1974/grande-bretagne,157,1974,NA
Brands-Hatch,/en/1976/grande-bretagne,231,1976,NA
Brands-Hatch,/en/1978/grande-bretagne,252,1978,NA
Brands-Hatch,/en/1980/grande-bretagne,210,1980,NA
Brands-Hatch,/en/1982/grande-bretagne,235,1982,NA
Brands-Hatch,/en/1986/grande-bretagne,173,1986,NA
Bremgarten,/en/1954/suisse,93,1954,Switzerland
Bremgarten,/en/1951/suisse,102,1951,Switzerland
Bremgarten,/en/1952/suisse,164,1952,Switzerland
Bremgarten,/en/1950/suisse,124,1950,Switzerland
Bremgarten,/en/1953/suisse,120,1953,Switzerland
Buenos-Aires,/en/1954/argentine,0,1954,NA
Buenos-Aires,/en/1955/argentine,192,1955,NA
Buenos-Aires,/en/1956/argentine,80,1956,NA
Buenos-Aires,/en/1957/argentine,91,1957,NA
Buenos-Aires,/en/1998/argentine,132,1998,NA
Buenos-Aires,/en/1979/argentine,147,1979,NA
Buenos-Aires,/en/1996/argentine,182,1996,NA
Buenos-Aires,/en/1997/argentine,263,1997,NA
Buenos-Aires,/en/1958/argentine,36,1958,NA
Buenos-Aires,/en/1960/argentine,225,1960,NA
Buenos-Aires,/en/1972/argentine,105,1972,NA
Buenos-Aires,/en/1974/argentine,220,1974,NA
Buenos-Aires,/en/1975/argentine,118,1975,NA
Buenos-Aires,/en/1953/argentine,116,1953,NA
Buenos-Aires,/en/1981/argentine,169,1981,NA
Buenos-Aires,/en/1995/argentine,215,1995,NA
Buenos-Aires,/en/1973/argentine,79,1973,NA
Buenos-Aires,/en/1977/argentine,160,1977,NA
Buenos-Aires,/en/1978/argentine,144,1978,NA
Buenos-Aires,/en/1980/argentine,218,1980,NA
Caesars-Palace,/en/1981/las-vegas,175,1981,NA
Caesars-Palace,/en/1982/las-vegas,181,1982,NA
Clermont-Ferrand,/en/1972/france,158,1972,France
Clermont-Ferrand,/en/1965/france,85,1965,France
Clermont-Ferrand,/en/1970/france,115,1970,France
Clermont-Ferrand,/en/1969/france,49,1969,France
Dallas,/en/1984/etats-unis,218,1984,USA
Detroit,/en/1983/etats-unis-est,251,1983,USA
Detroit,/en/1982/etats-unis-est,154,1982,USA
Detroit,/en/1984/etats-unis-est,199,1984,USA
Dijon-Prenois,/en/1981/france,138,1981,France
Dijon-Prenois,/en/1977/france,135,1977,France
Dijon-Prenois,/en/1979/france,146,1979,France
Dijon-Prenois,/en/1974/france,100,1974,France
Dijon-Prenois,/en/1984/france,219,1984,France
Djeddah,/en/2023/arabie-saoudite,132,2023,Saudi Arabia
Djeddah,/en/2022/arabie-saoudite,114,2022,Saudi Arabia
Djeddah,/en/2021/arabie-saoudite,111,2021,Saudi Arabia
Donington,/en/1993/europe,248,1993,United Kingdom
East-London,/en/1962/afrique-du-sud,93,1962,NA
East-London,/en/1963/afrique-du-sud,111,1963,NA
East-London,/en/1965/afrique-du-sud,112,1965,NA
Estoril,/en/1996/portugal,161,1996,Portugal
Estoril,/en/1985/portugal,217,1985,Portugal
Estoril,/en/1986/portugal,154,1986,Portugal
Estoril,/en/1984/portugal,235,1984,Portugal
Estoril,/en/1987/portugal,211,1987,Portugal
Estoril,/en/1994/portugal,269,1994,Portugal
Estoril,/en/1995/portugal,160,1995,Portugal
Estoril,/en/1993/portugal,272,1993,Portugal
Estoril,/en/1989/portugal,215,1989,Portugal
Estoril,/en/1991/portugal,250,1991,Portugal
Estoril,/en/1992/portugal,264,1992,Portugal
Estoril,/en/1988/portugal,169,1988,Portugal
Estoril,/en/1990/portugal,147,1990,Portugal
Fuji,/en/2008/japon,203,2008,Japan
Fuji,/en/1976/japon,258,1976,Japan
Fuji,/en/1977/japon,162,1977,Japan
Fuji,/en/2007/japon,355,2007,Japan
Hockenheim,/en/1991/allemagne,193,1991,Germany
Hockenheim,/en/1983/allemagne,187,1983,Germany
Hockenheim,/en/1984/allemagne,195,1984,Germany
Hockenheim,/en/1999/allemagne,149,1999,Germany
Hockenheim,/en/1982/allemagne,200,1982,Germany
Hockenheim,/en/1970/allemagne,165,1970,Germany
Hockenheim,/en/1977/allemagne,131,1977,Germany
Hockenheim,/en/1978/allemagne,203,1978,Germany
Hockenheim,/en/1992/allemagne,149,1992,Germany
Hockenheim,/en/1981/allemagne,204,1981,Germany
Hockenheim,/en/1995/allemagne,169,1995,Germany
Hockenheim,/en/1996/allemagne,108,1996,Germany
Hockenheim,/en/1980/allemagne,230,1980,Germany
Hockenheim,/en/1988/allemagne,154,1988,Germany
Hockenheim,/en/1989/allemagne,204,1989,Germany
Hockenheim,/en/1990/allemagne,129,1990,Germany
Hockenheim,/en/2016/allemagne,255,2016,Germany
Hockenheim,/en/2019/allemagne,344,2019,Germany
Hockenheim,/en/2000/allemagne,279,2000,Germany
Hockenheim,/en/2001/allemagne,181,2001,Germany
Hockenheim,/en/2002/allemagne,168,2002,Germany
Hockenheim,/en/1993/allemagne,217,1993,Germany
Hockenheim,/en/1994/allemagne,170,1994,Germany
Hockenheim,/en/2004/allemagne,252,2004,Germany
Hockenheim,/en/2005/allemagne,163,2005,Germany
Hockenheim,/en/1986/allemagne,258,1986,Germany
Hockenheim,/en/1987/allemagne,197,1987,Germany
Hockenheim,/en/1997/allemagne,139,1997,Germany
Hockenheim,/en/1998/allemagne,102,1998,Germany
Hockenheim,/en/2014/allemagne,290,2014,Germany
Hockenheim,/en/1979/allemagne,144,1979,Germany
Hockenheim,/en/2018/allemagne,221,2018,Germany
Hockenheim,/en/2008/allemagne,211,2008,Germany
Hockenheim,/en/2010/allemagne,127,2010,Germany
Hockenheim,/en/2012/allemagne,260,2012,Germany
Hockenheim,/en/2003/allemagne,125,2003,Germany
Hockenheim,/en/2006/allemagne,172,2006,Germany
Hungaroring,/en/1988/hongrie,191,1988,Hungary
Hungaroring,/en/1989/hongrie,237,1989,Hungary
Hungaroring,/en/2003/hongrie,230,2003,Hungary
Hungaroring,/en/1995/hongrie,208,1995,Hungary
Hungaroring,/en/1996/hongrie,127,1996,Hungary
Hungaroring,/en/1997/hongrie,229,1997,Hungary
Hungaroring,/en/2012/hongrie,190,2012,Hungary
Hungaroring,/en/2004/hongrie,167,2004,Hungary
Hungaroring,/en/1987/hongrie,170,1987,Hungary
Hungaroring,/en/2013/hongrie,254,2013,Hungary
Hungaroring,/en/1990/hongrie,194,1990,Hungary
Hungaroring,/en/1993/hongrie,292,1993,Hungary
Hungaroring,/en/1994/hongrie,251,1994,Hungary
Hungaroring,/en/2007/hongrie,157,2007,Hungary
Hungaroring,/en/2008/hongrie,159,2008,Hungary
Hungaroring,/en/1998/hongrie,125,1998,Hungary
Hungaroring,/en/2000/hongrie,131,2000,Hungary
Hungaroring,/en/2001/hongrie,107,2001,Hungary
Hungaroring,/en/2002/hongrie,110,2002,Hungary
Hungaroring,/en/2023/hongrie,196,2023,Hungary
Hungaroring,/en/1986/hongrie,241,1986,Hungary
Hungaroring,/en/2006/hongrie,196,2006,Hungary
Hungaroring,/en/2016/hongrie,181,2016,Hungary
Hungaroring,/en/2014/hongrie,296,2014,Hungary
Hungaroring,/en/2005/hongrie,131,2005,Hungary
Hungaroring,/en/1999/hongrie,138,1999,Hungary
Hungaroring,/en/2010/hongrie,120,2010,Hungary
Hungaroring,/en/2017/hongrie,88,2017,Hungary
Hungaroring,/en/2009/hongrie,193,2009,Hungary
Hungaroring,/en/1991/hongrie,207,1991,Hungary
Hungaroring,/en/1992/hongrie,157,1992,Hungary
Hungaroring,/en/2011/hongrie,287,2011,Hungary
Hungaroring,/en/2022/hongrie,250,2022,Hungary
Hungaroring,/en/2021/hongrie,162,2021,Hungary
Hungaroring,/en/2018/hongrie,112,2018,Hungary
Hungaroring,/en/2019/hongrie,124,2019,Hungary
Hungaroring,/en/2020/hongrie,248,2020,Hungary
Hungaroring,/en/2015/hongrie,247,2015,Hungary
Imola,/en/1980/italie,238,1980,Italy
Indianapolis,/en/2000/etats-unis,325,2000,USA
Indianapolis,/en/2001/etats-unis,178,2001,USA
Indianapolis,/en/2002/etats-unis,141,2002,USA
Indianapolis,/en/2003/etats-unis,279,2003,USA
Indianapolis,/en/2004/etats-unis,160,2004,USA
Indianapolis,/en/2005/etats-unis,72,2005,USA
Indianapolis,/en/2006/etats-unis,105,2006,USA
Indianapolis,/en/2007/etats-unis,187,2007,USA
Interlagos,/en/2003/bresil,223,2003,Brazil
Interlagos,/en/1976/bresil,156,1976,Brazil
Interlagos,/en/2001/bresil,225,2001,Brazil
Interlagos,/en/2002/bresil,191,2002,Brazil
Interlagos,/en/1975/bresil,140,1975,Brazil
Interlagos,/en/1993/bresil,198,1993,Brazil
Interlagos,/en/1994/bresil,231,1994,Brazil
Interlagos,/en/2011/bresil,224,2011,Brazil
Interlagos,/en/1992/bresil,263,1992,Brazil
Interlagos,/en/1974/bresil,177,1974,Brazil
Interlagos,/en/2013/bresil,241,2013,Brazil
Interlagos,/en/1977/bresil,168,1977,Brazil
Interlagos,/en/2012/bresil,465,2012,Brazil
Interlagos,/en/1990/bresil,206,1990,Brazil
Interlagos,/en/1991/bresil,188,1991,Brazil
Interlagos,/en/2007/bresil,188,2007,Brazil
Interlagos,/en/1995/bresil,225,1995,Brazil
Interlagos,/en/1998/bresil,123,1998,Brazil
Interlagos,/en/1999/bresil,191,1999,Brazil
Interlagos,/en/2000/bresil,121,2000,Brazil
Interlagos,/en/2019/bresil,262,2019,Brazil
Interlagos,/en/1973/bresil,143,1973,Brazil
Interlagos,/en/2005/bresil,117,2005,Brazil
Interlagos,/en/2006/bresil,188,2006,Brazil
Interlagos,/en/2014/bresil,379,2014,Brazil
Interlagos,/en/2004/bresil,288,2004,Brazil
Interlagos,/en/1996/bresil,215,1996,Brazil
Interlagos,/en/1997/bresil,201,1997,Brazil
Interlagos,/en/2016/bresil,241,2016,Brazil
Interlagos,/en/2008/bresil,209,2008,Brazil
Interlagos,/en/1979/bresil,177,1979,Brazil
Interlagos,/en/1980/bresil,236,1980,Brazil
Interlagos,/en/2010/bresil,204,2010,Brazil
Interlagos,/en/2018/bresil,143,2018,Brazil
Interlagos,/en/2015/bresil,218,2015,Brazil
Interlagos,/en/2017/bresil,125,2017,Brazil
Interlagos,/en/2009/bresil,227,2009,Brazil
Istanbul,/en/2009/turquie,194,2009,Turkey
Istanbul,/en/2020/turquie,182,2020,Turkey
Istanbul,/en/2007/turquie,192,2007,Turkey
Istanbul,/en/2005/turquie,174,2005,Turkey
Istanbul,/en/2008/turquie,162,2008,Turkey
Istanbul,/en/2006/turquie,195,2006,Turkey
Istanbul,/en/2010/turquie,138,2010,Turkey
Istanbul,/en/2021/turquie,87,2021,Turkey
Istanbul,/en/2011/turquie,391,2011,Turkey
Jacarepagua,/en/1987/bresil,228,1987,Brazil
Jacarepagua,/en/1978/bresil,185,1978,Brazil
Jacarepagua,/en/1981/bresil,155,1981,Brazil
Jacarepagua,/en/1985/bresil,255,1985,Brazil
Jacarepagua,/en/1986/bresil,242,1986,Brazil
Jacarepagua,/en/1983/bresil,226,1983,Brazil
Jacarepagua,/en/1984/bresil,257,1984,Brazil
Jacarepagua,/en/1989/bresil,270,1989,Brazil
Jacarepagua,/en/1982/bresil,205,1982,Brazil
Jacarepagua,/en/1988/bresil,222,1988,Brazil
Jarama,/en/1974/espagne,347,1974,Spain
Jarama,/en/1981/espagne,192,1981,Spain
Jarama,/en/1979/espagne,187,1979,Spain
Jarama,/en/1972/espagne,201,1972,Spain
Jarama,/en/1976/espagne,171,1976,Spain
Jarama,/en/1970/espagne,90,1970,Spain
Jarama,/en/1978/espagne,195,1978,Spain
Jarama,/en/1968/espagne,73,1968,Spain
Jarama,/en/1977/espagne,186,1977,Spain
Jerez-de-la-Frontera,/en/1989/espagne,203,1989,NA
Jerez-de-la-Frontera,/en/1990/espagne,192,1990,NA
Jerez-de-la-Frontera,/en/1986/espagne,144,1986,NA
Jerez-de-la-Frontera,/en/1987/espagne,219,1987,NA
Jerez-de-la-Frontera,/en/1988/espagne,173,1988,NA
Kuala-Lumpur,/en/1999/malaisie,151,1999,NA
Kuala-Lumpur,/en/2000/malaisie,195,2000,NA
Kuala-Lumpur,/en/2009/malaisie,179,2009,NA
Kuala-Lumpur,/en/2013/malaisie,295,2013,NA
Kuala-Lumpur,/en/2014/malaisie,198,2014,NA
Kuala-Lumpur,/en/2015/malaisie,294,2015,NA
Kuala-Lumpur,/en/2016/malaisie,228,2016,NA
Kuala-Lumpur,/en/2017/malaisie,159,2017,NA
Kuala-Lumpur,/en/2002/malaisie,228,2002,NA
Kuala-Lumpur,/en/2001/malaisie,228,2001,NA
Kuala-Lumpur,/en/2003/malaisie,161,2003,NA
Kuala-Lumpur,/en/2004/malaisie,219,2004,NA
Kuala-Lumpur,/en/2005/malaisie,137,2005,NA
Kuala-Lumpur,/en/2006/malaisie,163,2006,NA
Kuala-Lumpur,/en/2007/malaisie,198,2007,NA
Kuala-Lumpur,/en/2008/malaisie,194,2008,NA
Kuala-Lumpur,/en/2010/malaisie,169,2010,NA
Kuala-Lumpur,/en/2011/malaisie,295,2011,NA
Kuala-Lumpur,/en/2012/malaisie,424,2012,NA
Kyalami,/en/1976/afrique-du-sud,186,1976,South Africa
Kyalami,/en/1993/afrique-du-sud,198,1993,South Africa
Kyalami,/en/1969/afrique-du-sud,120,1969,South Africa
Kyalami,/en/1970/afrique-du-sud,221,1970,South Africa
Kyalami,/en/1974/afrique-du-sud,164,1974,South Africa
Kyalami,/en/1975/afrique-du-sud,225,1975,South Africa
Kyalami,/en/1977/afrique-du-sud,136,1977,South Africa
Kyalami,/en/1967/afrique-du-sud,159,1967,South Africa
Kyalami,/en/1968/afrique-du-sud,153,1968,South Africa
Kyalami,/en/1982/afrique-du-sud,190,1982,South Africa
Kyalami,/en/1978/afrique-du-sud,235,1978,South Africa
Kyalami,/en/1972/afrique-du-sud,295,1972,South Africa
Kyalami,/en/1973/afrique-du-sud,247,1973,South Africa
Kyalami,/en/1992/afrique-du-sud,166,1992,South Africa
Kyalami,/en/1971/afrique-du-sud,237,1971,South Africa
Kyalami,/en/1983/afrique-du-sud,218,1983,South Africa
Kyalami,/en/1979/afrique-du-sud,398,1979,South Africa
Kyalami,/en/1980/afrique-du-sud,169,1980,South Africa
Kyalami,/en/1984/afrique-du-sud,317,1984,South Africa
Kyalami,/en/1985/afrique-du-sud,122,1985,South Africa
Le-Castellet,/en/2019/france,125,2019,NA
Le-Castellet,/en/2018/france,165,2018,NA
Le-Castellet,/en/1973/france,190,1973,NA
Le-Castellet,/en/2021/france,178,2021,NA
Le-Castellet,/en/2022/france,130,2022,NA
Le-Castellet,/en/1971/france,162,1971,NA
Le-Castellet,/en/1989/france,295,1989,NA
Le-Castellet,/en/1990/france,263,1990,NA
Le-Castellet,/en/1987/france,230,1987,NA
Le-Castellet,/en/1988/france,208,1988,NA
Le-Castellet,/en/1978/france,206,1978,NA
Le-Castellet,/en/1975/france,148,1975,NA
Le-Castellet,/en/1982/france,166,1982,NA
Le-Castellet,/en/1986/france,251,1986,NA
Le-Castellet,/en/1980/france,131,1980,NA
Le-Castellet,/en/1976/france,185,1976,NA
Le-Castellet,/en/1985/france,174,1985,NA
Le-Castellet,/en/1983/france,212,1983,NA
Le-Mans,/en/1967/france,85,1967,NA
Long-Beach,/en/1977/etats-unis-ouest,150,1977,NA
Long-Beach,/en/1976/etats-unis-ouest,110,1976,NA
Long-Beach,/en/1978/etats-unis-ouest,154,1978,NA
Long-Beach,/en/1979/etats-unis-ouest,183,1979,NA
Long-Beach,/en/1980/etats-unis-ouest,204,1980,NA
Long-Beach,/en/1981/etats-unis-ouest,140,1981,NA
Long-Beach,/en/1982/etats-unis-ouest,176,1982,NA
Long-Beach,/en/1983/etats-unis-ouest,308,1983,NA
Losail,/en/2021/qatar,233,2021,Qatar
Losail,/en/2023/qatar,411,2023,Qatar
Magny-Cours,/en/1993/france,145,1993,France
Magny-Cours,/en/1991/france,218,1991,France
Magny-Cours,/en/1992/france,151,1992,France
Magny-Cours,/en/1994/france,286,1994,France
Magny-Cours,/en/2001/france,169,2001,France
Magny-Cours,/en/2002/france,134,2002,France
Magny-Cours,/en/2004/france,182,2004,France
Magny-Cours,/en/2005/france,137,2005,France
Magny-Cours,/en/1996/france,117,1996,France
Magny-Cours,/en/2007/france,126,2007,France
Magny-Cours,/en/2003/france,176,2003,France
Magny-Cours,/en/1998/france,172,1998,France
Magny-Cours,/en/1995/france,125,1995,France
Magny-Cours,/en/2000/france,165,2000,France
Magny-Cours,/en/1997/france,130,1997,France
Magny-Cours,/en/1999/france,190,1999,France
Magny-Cours,/en/2006/france,149,2006,France
Magny-Cours,/en/2008/france,182,2008,France
Melbourne,/en/2019/australie,113,2019,Australia
Melbourne,/en/2017/australie,77,2017,Australia
Melbourne,/en/2018/australie,78,2018,Australia
Melbourne,/en/2022/australie,163,2022,Australia
Melbourne,/en/2007/australie,170,2007,Australia
Melbourne,/en/2008/australie,180,2008,Australia
Melbourne,/en/2005/australie,146,2005,Australia
Melbourne,/en/2023/australie,109,2023,Australia
Melbourne,/en/2001/australie,164,2001,Australia
Melbourne,/en/2000/australie,173,2000,Australia
Melbourne,/en/2002/australie,142,2002,Australia
Melbourne,/en/2016/australie,198,2016,Australia
Melbourne,/en/2004/australie,140,2004,Australia
Melbourne,/en/2012/australie,253,2012,Australia
Melbourne,/en/2013/australie,347,2013,Australia
Melbourne,/en/2006/australie,178,2006,Australia
Melbourne,/en/2011/australie,221,2011,Australia
Melbourne,/en/1999/australie,238,1999,Australia
Melbourne,/en/1998/australie,108,1998,Australia
Melbourne,/en/2003/australie,297,2003,Australia
Melbourne,/en/2015/australie,78,2015,Australia
Melbourne,/en/2010/australie,222,2010,Australia
Melbourne,/en/1997/australie,134,1997,Australia
Melbourne,/en/2009/australie,279,2009,Australia
Melbourne,/en/1996/australie,110,1996,Australia
Melbourne,/en/2014/australie,141,2014,Australia
Mexico-City,/en/1963/mexique,130,1963,NA
Mexico-City,/en/1964/mexique,93,1964,NA
Mexico-City,/en/1965/mexique,125,1965,NA
Mexico-City,/en/1966/mexique,120,1966,NA
Mexico-City,/en/1970/mexique,80,1970,NA
Mexico-City,/en/1986/mexique,263,1986,NA
Mexico-City,/en/1987/mexique,237,1987,NA
Mexico-City,/en/1969/mexique,75,1969,NA
Mexico-City,/en/2018/mexique,190,2018,NA
Mexico-City,/en/1988/mexique,148,1988,NA
Mexico-City,/en/1989/mexique,219,1989,NA
Mexico-City,/en/1967/mexique,98,1967,NA
Mexico-City,/en/1968/mexique,164,1968,NA
Mexico-City,/en/2019/mexique,171,2019,NA
Mexico-City,/en/1990/mexique,185,1990,NA
Mexico-City,/en/1991/mexique,220,1991,NA
Mexico-City,/en/2015/mexique,155,2015,NA
Mexico-City,/en/2017/mexique,159,2017,NA
Mexico-City,/en/2016/mexique,170,2016,NA
Mexico-City,/en/1992/mexique,183,1992,NA
Miami,/en/2022/miami,174,2022,USA
Miami,/en/2023/miami,166,2023,USA
Monaco,/en/1971/monaco,94,1971,Monaco
Monaco,/en/1967/monaco,101,1967,Monaco
Monaco,/en/1970/monaco,87,1970,Monaco
Monaco,/en/1956/monaco,60,1956,Monaco
Monaco,/en/1957/monaco,127,1957,Monaco
Monaco,/en/1969/monaco,59,1969,Monaco
Monaco,/en/1961/monaco,93,1961,Monaco
Monaco,/en/1962/monaco,94,1962,Monaco
Monaco,/en/2006/monaco,187,2006,Monaco
Monaco,/en/1968/monaco,73,1968,Monaco
Monaco,/en/2008/monaco,213,2008,Monaco
Monaco,/en/2009/monaco,136,2009,Monaco
Monaco,/en/2010/monaco,172,2010,Monaco
Monaco,/en/1958/monaco,121,1958,Monaco
Monaco,/en/1959/monaco,81,1959,Monaco
Monaco,/en/1960/monaco,100,1960,Monaco
Monaco,/en/2001/monaco,144,2001,Monaco
Monaco,/en/1963/monaco,51,1963,Monaco
Monaco,/en/1964/monaco,88,1964,Monaco
Monaco,/en/1965/monaco,61,1965,Monaco
Monaco,/en/1966/monaco,119,1966,Monaco
Monaco,/en/2019/monaco,94,2019,Monaco
Monaco,/en/2007/monaco,104,2007,Monaco
Monaco,/en/2022/monaco,88,2022,Monaco
Monaco,/en/2023/monaco,107,2023,Monaco
Monaco,/en/1982/monaco,117,1982,Monaco
Monaco,/en/2011/monaco,219,2011,Monaco
Monaco,/en/2012/monaco,173,2012,Monaco
Monaco,/en/2013/monaco,149,2013,Monaco
Monaco,/en/2014/monaco,130,2014,Monaco
Monaco,/en/2002/monaco,167,2002,Monaco
Monaco,/en/2003/monaco,115,2003,Monaco
Monaco,/en/2004/monaco,132,2004,Monaco
Monaco,/en/2005/monaco,94,2005,Monaco
Monaco,/en/1991/monaco,160,1991,Monaco
Monaco,/en/2021/monaco,67,2021,Monaco
Monaco,/en/1950/monaco,75,1950,Monaco
Monaco,/en/1955/monaco,158,1955,Monaco
Monaco,/en/1995/monaco,213,1995,Monaco
Monaco,/en/1996/monaco,126,1996,Monaco
Monaco,/en/1997/monaco,147,1997,Monaco
Monaco,/en/1998/monaco,111,1998,Monaco
Monaco,/en/1999/monaco,84,1999,Monaco
Monaco,/en/2015/monaco,88,2015,Monaco
Monaco,/en/2016/monaco,185,2016,Monaco
Monaco,/en/2017/monaco,82,2017,Monaco
Monaco,/en/2018/monaco,111,2018,Monaco
Monaco,/en/1977/monaco,93,1977,Monaco
Monaco,/en/1978/monaco,116,1978,Monaco
Monaco,/en/1979/monaco,132,1979,Monaco
Monaco,/en/1980/monaco,120,1980,Monaco
Monaco,/en/1981/monaco,123,1981,Monaco
Monaco,/en/2000/monaco,117,2000,Monaco
Monaco,/en/1983/monaco,156,1983,Monaco
Monaco,/en/1984/monaco,122,1984,Monaco
Monaco,/en/1972/monaco,234,1972,Monaco
Monaco,/en/1990/monaco,174,1990,Monaco
Monaco,/en/1974/monaco,142,1974,Monaco
Monaco,/en/1975/monaco,134,1975,Monaco
Monaco,/en/1976/monaco,74,1976,Monaco
Monaco,/en/1994/monaco,169,1994,Monaco
Monaco,/en/1973/monaco,214,1973,Monaco
Monaco,/en/1992/monaco,121,1992,Monaco
Monaco,/en/1993/monaco,192,1993,Monaco
Monaco,/en/1985/monaco,97,1985,Monaco
Monaco,/en/1989/monaco,219,1989,Monaco
Monaco,/en/1986/monaco,105,1986,Monaco
Monaco,/en/1987/monaco,172,1987,Monaco
Monaco,/en/1988/monaco,152,1988,Monaco
Monsanto,/en/1959/portugal,73,1959,Portugal
Mont-Tremblant,/en/1968/canada,125,1968,Canada
Mont-Tremblant,/en/1970/canada,136,1970,Canada
Montjuic-Park,/en/1969/espagne,66,1969,NA
Montjuic-Park,/en/1971/espagne,93,1971,NA
Montjuic-Park,/en/1973/espagne,217,1973,NA
Montjuic-Park,/en/1975/espagne,221,1975,NA
Montreal,/en/2001/canada,155,2001,Canada
Montreal,/en/1995/canada,153,1995,Canada
Montreal,/en/2000/canada,193,2000,Canada
Montreal,/en/1996/canada,148,1996,Canada
Montreal,/en/1997/canada,175,1997,Canada
Montreal,/en/1999/canada,154,1999,Canada
Montreal,/en/1980/canada,144,1980,Canada
Montreal,/en/1985/canada,176,1985,Canada
Montreal,/en/1986/canada,149,1986,Canada
Montreal,/en/1998/canada,191,1998,Canada
Montreal,/en/1984/canada,189,1984,Canada
Montreal,/en/1991/canada,237,1991,Canada
Montreal,/en/1992/canada,183,1992,Canada
Montreal,/en/1993/canada,165,1993,Canada
Montreal,/en/1994/canada,257,1994,Canada
Montreal,/en/2007/canada,325,2007,Canada
Montreal,/en/2008/canada,251,2008,Canada
Montreal,/en/2010/canada,311,2010,Canada
Montreal,/en/2011/canada,486,2011,Canada
Montreal,/en/2012/canada,223,2012,Canada
Montreal,/en/2013/canada,164,2013,Canada
Montreal,/en/2014/canada,228,2014,Canada
Montreal,/en/1988/canada,173,1988,Canada
Montreal,/en/1989/canada,310,1989,Canada
Montreal,/en/1990/canada,290,1990,Canada
Montreal,/en/2004/canada,168,2004,Canada
Montreal,/en/2005/canada,185,2005,Canada
Montreal,/en/2006/canada,140,2006,Canada
Montreal,/en/2023/canada,138,2023,Canada
Montreal,/en/1979/canada,209,1979,Canada
Montreal,/en/2017/canada,147,2017,Canada
Montreal,/en/1981/canada,216,1981,Canada
Montreal,/en/1982/canada,163,1982,Canada
Montreal,/en/1983/canada,183,1983,Canada
Montreal,/en/1978/canada,172,1978,Canada
Montreal,/en/2018/canada,103,2018,Canada
Montreal,/en/2002/canada,170,2002,Canada
Montreal,/en/2003/canada,185,2003,Canada
Montreal,/en/2016/canada,169,2016,Canada
Montreal,/en/2019/canada,122,2019,Canada
Montreal,/en/2022/canada,141,2022,Canada
Montreal,/en/2015/canada,117,2015,Canada
Monza,/en/1970/italie,251,1970,Italy
Monza,/en/1965/italie,340,1965,Italy
Monza,/en/1951/italie,100,1951,Italy
Monza,/en/1966/italie,194,1966,Italy
Monza,/en/1969/italie,110,1969,Italy
Monza,/en/1955/italie,170,1955,Italy
Monza,/en/1956/italie,207,1956,Italy
Monza,/en/1967/italie,173,1967,Italy
Monza,/en/1968/italie,194,1968,Italy
Monza,/en/1958/italie,157,1958,Italy
Monza,/en/1959/italie,140,1959,Italy
Monza,/en/1962/italie,258,1962,Italy
Monza,/en/1963/italie,228,1963,Italy
Monza,/en/1964/italie,303,1964,Italy
Monza,/en/2005/italie,158,2005,Italy
Monza,/en/2006/italie,163,2006,Italy
Monza,/en/2007/italie,156,2007,Italy
Monza,/en/2008/italie,239,2008,Italy
Monza,/en/2009/italie,150,2009,Italy
Monza,/en/2010/italie,111,2010,Italy
Monza,/en/1960/italie,104,1960,Italy
Monza,/en/1961/italie,261,1961,Italy
Monza,/en/1957/italie,193,1957,Italy
Monza,/en/2001/italie,158,2001,Italy
Monza,/en/2002/italie,169,2002,Italy
Monza,/en/2003/italie,139,2003,Italy
Monza,/en/2004/italie,232,2004,Italy
Monza,/en/2018/italie,132,2018,Italy
Monza,/en/2019/italie,172,2019,Italy
Monza,/en/2020/italie,185,2020,Italy
Monza,/en/2021/italie,112,2021,Italy
Monza,/en/2022/italie,201,2022,Italy
Monza,/en/2023/italie,175,2023,Italy
Monza,/en/2011/italie,191,2011,Italy
Monza,/en/2012/italie,292,2012,Italy
Monza,/en/2013/italie,180,2013,Italy
Monza,/en/2014/italie,174,2014,Italy
Monza,/en/2015/italie,151,2015,Italy
Monza,/en/2016/italie,211,2016,Italy
Monza,/en/2017/italie,161,2017,Italy
Monza,/en/1950/italie,225,1950,Italy
Monza,/en/1991/italie,190,1991,Italy
Monza,/en/1952/italie,229,1952,Italy
Monza,/en/1953/italie,0,1953,Italy
Monza,/en/1954/italie,167,1954,Italy
Monza,/en/1995/italie,199,1995,Italy
Monza,/en/1996/italie,135,1996,Italy
Monza,/en/1997/italie,120,1997,Italy
Monza,/en/1998/italie,151,1998,Italy
Monza,/en/1999/italie,110,1999,Italy
Monza,/en/2000/italie,150,2000,Italy
Monza,/en/1973/italie,192,1973,Italy
Monza,/en/1974/italie,204,1974,Italy
Monza,/en/1975/italie,184,1975,Italy
Monza,/en/1976/italie,185,1976,Italy
Monza,/en/1977/italie,186,1977,Italy
Monza,/en/1978/italie,125,1978,Italy
Monza,/en/1979/italie,190,1979,Italy
Monza,/en/1981/italie,196,1981,Italy
Monza,/en/1982/italie,179,1982,Italy
Monza,/en/1983/italie,196,1983,Italy
Monza,/en/1984/italie,230,1984,Italy
Monza,/en/1971/italie,241,1971,Italy
Monza,/en/1972/italie,188,1972,Italy
Monza,/en/1987/italie,191,1987,Italy
Monza,/en/1988/italie,153,1988,Italy
Monza,/en/1989/italie,166,1989,Italy
Monza,/en/1990/italie,168,1990,Italy
Monza,/en/1986/italie,283,1986,Italy
Monza,/en/1992/italie,221,1992,Italy
Monza,/en/1993/italie,218,1993,Italy
Monza,/en/1994/italie,286,1994,Italy
Monza,/en/1985/italie,198,1985,Italy
Mosport-Park,/en/1967/canada,105,1967,NA
Mosport-Park,/en/1969/canada,92,1969,NA
Mosport-Park,/en/1976/canada,126,1976,NA
Mosport-Park,/en/1977/canada,183,1977,NA
Mosport-Park,/en/1971/canada,155,1971,NA
Mosport-Park,/en/1972/canada,170,1972,NA
Mosport-Park,/en/1973/canada,489,1973,NA
Mosport-Park,/en/1974/canada,178,1974,NA
Mugello,/en/2020/toscane,130,2020,Italy
New-Delhi,/en/2011/inde,160,2011,NA
New-Delhi,/en/2012/inde,134,2012,NA
New-Delhi,/en/2013/inde,303,2013,NA
Nivelles,/en/1974/belgique,391,1974,Belgium
Nivelles,/en/1972/belgique,217,1972,Belgium
Nurburgring,/en/1968/allemagne,88,1968,Germany
Nurburgring,/en/1956/allemagne,96,1956,Germany
Nurburgring,/en/1957/allemagne,88,1957,Germany
Nurburgring,/en/1958/allemagne,147,1958,Germany
Nurburgring,/en/1961/allemagne,174,1961,Germany
Nurburgring,/en/1962/allemagne,117,1962,Germany
Nurburgring,/en/1963/allemagne,150,1963,Germany
Nurburgring,/en/1964/allemagne,113,1964,Germany
Nurburgring,/en/1965/allemagne,91,1965,Germany
Nurburgring,/en/1966/allemagne,134,1966,Germany
Nurburgring,/en/1967/allemagne,91,1967,Germany
Nurburgring,/en/1951/allemagne,134,1951,Germany
Nurburgring,/en/1952/allemagne,198,1952,Germany
Nurburgring,/en/1953/allemagne,256,1953,Germany
Nurburgring,/en/1954/allemagne,137,1954,Germany
Nurburgring,/en/1972/allemagne,199,1972,Germany
Nurburgring,/en/1973/allemagne,111,1973,Germany
Nurburgring,/en/1974/allemagne,166,1974,Germany
Nurburgring,/en/1975/allemagne,172,1975,Germany
Nurburgring,/en/1976/allemagne,148,1976,Germany
Nurburgring,/en/1985/allemagne,203,1985,Germany
Nurburgring,/en/2009/allemagne,276,2009,Germany
Nurburgring,/en/2011/allemagne,233,2011,Germany
Nurburgring,/en/2013/allemagne,291,2013,Germany
Nurburgring,/en/1969/allemagne,33,1969,Germany
Nurburgring,/en/1971/allemagne,112,1971,Germany
Osterreichring,/en/1970/autriche,165,1970,Austria
Osterreichring,/en/1971/autriche,111,1971,Austria
Osterreichring,/en/1974/autriche,250,1974,Austria
Osterreichring,/en/1975/autriche,177,1975,Austria
Osterreichring,/en/1976/autriche,205,1976,Austria
Osterreichring,/en/1977/autriche,283,1977,Austria
Osterreichring,/en/1978/autriche,368,1978,Austria
Osterreichring,/en/1979/autriche,134,1979,Austria
Osterreichring,/en/1980/autriche,196,1980,Austria
Osterreichring,/en/1981/autriche,183,1981,Austria
Osterreichring,/en/1982/autriche,200,1982,Austria
Osterreichring,/en/1983/autriche,178,1983,Austria
Osterreichring,/en/1984/autriche,223,1984,Austria
Osterreichring,/en/1972/autriche,198,1972,Austria
Osterreichring,/en/1973/autriche,148,1973,Austria
Osterreichring,/en/1987/autriche,272,1987,Austria
Osterreichring,/en/1985/autriche,221,1985,Austria
Osterreichring,/en/1986/autriche,206,1986,Austria
Pedralbes,/en/1954/espagne,176,1954,Spain
Pedralbes,/en/1951/espagne,124,1951,Spain
Pescara,/en/1957/pescara,58,1957,Italy
Phoenix,/en/1989/etats-unis,255,1989,USA
Phoenix,/en/1990/etats-unis,211,1990,USA
Phoenix,/en/1991/etats-unis,220,1991,USA
Portimao,/en/2020/portugal,216,2020,Portugal
Portimao,/en/2021/portugal,134,2021,Portugal
Porto,/en/1958/portugal,60,1958,Portugal
Porto,/en/1960/portugal,110,1960,Portugal
Reims,/en/1950/france,1,1950,France
Reims,/en/1953/france,251,1953,France
Reims,/en/1954/france,165,1954,France
Reims,/en/1956/france,129,1956,France
Reims,/en/1958/france,175,1958,France
Reims,/en/1959/france,183,1959,France
Reims,/en/1960/france,150,1960,France
Reims,/en/1961/france,325,1961,France
Reims,/en/1963/france,168,1963,France
Reims,/en/1966/france,88,1966,France
Reims,/en/1951/france,188,1951,France
Riverside,/en/1960/etats-unis,213,1960,USA
Rouen-les-Essarts,/en/1952/france,117,1952,France
Rouen-les-Essarts,/en/1957/france,53,1957,France
Rouen-les-Essarts,/en/1964/france,96,1964,France
Rouen-les-Essarts,/en/1968/france,146,1968,France
Rouen-les-Essarts,/en/1962/france,123,1962,France
Sakhir,/en/2021/bahrein,259,2021,Bahrain
Sakhir,/en/2022/bahrein,287,2022,Bahrain
Sakhir,/en/2010/bahrein,136,2010,Bahrain
Sakhir,/en/2008/bahrein,174,2008,Bahrain
Sakhir,/en/2009/bahrein,201,2009,Bahrain
Sakhir,/en/2023/bahrein,217,2023,Bahrain
Sakhir,/en/2013/bahrein,372,2013,Bahrain
Sakhir,/en/2014/bahrein,285,2014,Bahrain
Sakhir,/en/2015/bahrein,187,2015,Bahrain
Sakhir,/en/2012/bahrein,392,2012,Bahrain
Sakhir,/en/2019/bahrein,232,2019,Bahrain
Sakhir,/en/2020/bahrein,250,2020,Bahrain
Sakhir,/en/2004/bahrein,252,2004,Bahrain
Sakhir,/en/2005/bahrein,184,2005,Bahrain
Sakhir,/en/2006/bahrein,204,2006,Bahrain
Sakhir,/en/2007/bahrein,180,2007,Bahrain
Sakhir,/en/2018/bahrein,249,2018,Bahrain
Sakhir,/en/2016/bahrein,340,2016,Bahrain
Sakhir,/en/2017/bahrein,166,2017,Bahrain
Sebring,/en/1959/etats-unis,96,1959,USA
Shanghai,/en/2004/chine,224,2004,China
Shanghai,/en/2008/chine,191,2008,China
Shanghai,/en/2005/chine,171,2005,China
Shanghai,/en/2006/chine,218,2006,China
Shanghai,/en/2007/chine,224,2007,China
Shanghai,/en/2011/chine,310,2011,China
Shanghai,/en/2012/chine,394,2012,China
Shanghai,/en/2013/chine,335,2013,China
Shanghai,/en/2014/chine,185,2014,China
Shanghai,/en/2015/chine,172,2015,China
Shanghai,/en/2016/chine,465,2016,China
Shanghai,/en/2017/chine,159,2017,China
Shanghai,/en/2018/chine,176,2018,China
Shanghai,/en/2019/chine,142,2019,China
Shanghai,/en/2009/chine,264,2009,China
Shanghai,/en/2010/chine,260,2010,China
Silverstone,/en/1994/grande-bretagne,211,1994,United Kingdom
Silverstone,/en/1995/grande-bretagne,200,1995,United Kingdom
Silverstone,/en/1983/grande-bretagne,199,1983,United Kingdom
Silverstone,/en/1985/grande-bretagne,188,1985,United Kingdom
Silverstone,/en/1987/grande-bretagne,163,1987,United Kingdom
Silverstone,/en/1988/grande-bretagne,136,1988,United Kingdom
Silverstone,/en/1989/grande-bretagne,251,1989,United Kingdom
Silverstone,/en/1990/grande-bretagne,220,1990,United Kingdom
Silverstone,/en/1991/grande-bretagne,245,1991,United Kingdom
Silverstone,/en/1992/grande-bretagne,152,1992,United Kingdom
Silverstone,/en/1993/grande-bretagne,161,1993,United Kingdom
Silverstone,/en/1950/grande-bretagne,97,1950,United Kingdom
Silverstone,/en/1951/grande-bretagne,142,1951,United Kingdom
Silverstone,/en/1952/grande-bretagne,288,1952,United Kingdom
Silverstone,/en/1953/grande-bretagne,291,1953,United Kingdom
Silverstone,/en/1954/grande-bretagne,323,1954,United Kingdom
Silverstone,/en/1956/grande-bretagne,274,1956,United Kingdom
Silverstone,/en/1958/grande-bretagne,107,1958,United Kingdom
Silverstone,/en/1960/grande-bretagne,248,1960,United Kingdom
Silverstone,/en/1963/grande-bretagne,210,1963,United Kingdom
Silverstone,/en/1965/grande-bretagne,119,1965,United Kingdom
Silverstone,/en/1967/grande-bretagne,95,1967,United Kingdom
Silverstone,/en/1969/grande-bretagne,91,1969,United Kingdom
Silverstone,/en/1971/grande-bretagne,169,1971,United Kingdom
Silverstone,/en/1973/grande-bretagne,135,1973,United Kingdom
Silverstone,/en/1975/grande-bretagne,289,1975,United Kingdom
Silverstone,/en/1977/grande-bretagne,182,1977,United Kingdom
Silverstone,/en/1979/grande-bretagne,221,1979,United Kingdom
Silverstone,/en/1981/grande-bretagne,208,1981,United Kingdom
Silverstone,/en/1998/grande-bretagne,182,1998,United Kingdom
Silverstone,/en/1999/grande-bretagne,187,1999,United Kingdom
Silverstone,/en/2000/grande-bretagne,253,2000,United Kingdom
Silverstone,/en/2001/grande-bretagne,133,2001,United Kingdom
Silverstone,/en/2002/grande-bretagne,205,2002,United Kingdom
Silverstone,/en/2003/grande-bretagne,350,2003,United Kingdom
Silverstone,/en/2004/grande-bretagne,197,2004,United Kingdom
Silverstone,/en/2005/grande-bretagne,102,2005,United Kingdom
Silverstone,/en/2006/grande-bretagne,123,2006,United Kingdom
Silverstone,/en/2007/grande-bretagne,186,2007,United Kingdom
Silverstone,/en/2008/grande-bretagne,213,2008,United Kingdom
Silverstone,/en/1996/grande-bretagne,133,1996,United Kingdom
Silverstone,/en/1997/grande-bretagne,229,1997,United Kingdom
Silverstone,/en/2011/grande-bretagne,221,2011,United Kingdom
Silverstone,/en/2012/grande-bretagne,268,2012,United Kingdom
Silverstone,/en/2013/grande-bretagne,399,2013,United Kingdom
Silverstone,/en/2014/grande-bretagne,157,2014,United Kingdom
Silverstone,/en/2015/grande-bretagne,119,2015,United Kingdom
Silverstone,/en/2016/grande-bretagne,245,2016,United Kingdom
Silverstone,/en/2017/grande-bretagne,144,2017,United Kingdom
Silverstone,/en/2018/grande-bretagne,184,2018,United Kingdom
Silverstone,/en/2019/grande-bretagne,147,2019,United Kingdom
Silverstone,/en/2020/grande-bretagne,100,2020,United Kingdom
Silverstone,/en/2021/grande-bretagne,142,2021,United Kingdom
Silverstone,/en/2009/grande-bretagne,162,2009,United Kingdom
Silverstone,/en/2010/grande-bretagne,225,2010,United Kingdom
Silverstone,/en/2023/grande-bretagne,134,2023,United Kingdom
Silverstone,/en/2022/grande-bretagne,174,2022,United Kingdom
Singapour,/en/2010/singapour,167,2010,Singapore
Singapour,/en/2011/singapour,262,2011,Singapore
Singapour,/en/2009/singapour,135,2009,Singapore
Singapour,/en/2014/singapour,239,2014,Singapore
Singapour,/en/2015/singapour,162,2015,Singapore
Singapour,/en/2012/singapour,376,2012,Singapore
Singapour,/en/2013/singapour,274,2013,Singapore
Singapour,/en/2018/singapour,118,2018,Singapore
Singapour,/en/2019/singapour,219,2019,Singapore
Singapour,/en/2016/singapour,257,2016,Singapore
Singapour,/en/2017/singapour,134,2017,Singapore
Singapour,/en/2008/singapour,261,2008,Singapore
Singapour,/en/2023/singapour,150,2023,Singapore
Singapour,/en/2022/singapour,99,2022,Singapore
Sochi,/en/2014/russie,150,2014,Russia
Sochi,/en/2015/russie,177,2015,Russia
Sochi,/en/2016/russie,181,2016,Russia
Sochi,/en/2018/russie,106,2018,Russia
Sochi,/en/2019/russie,145,2019,Russia
Sochi,/en/2020/russie,158,2020,Russia
Sochi,/en/2017/russie,64,2017,Russia
Sochi,/en/2021/russie,267,2021,Russia
Spa-Francorchamps,/en/1994/belgique,221,1994,Belgium
Spa-Francorchamps,/en/1995/belgique,231,1995,Belgium
Spa-Francorchamps,/en/1996/belgique,119,1996,Belgium
Spa-Francorchamps,/en/1985/belgique,260,1985,Belgium
Spa-Francorchamps,/en/1986/belgique,242,1986,Belgium
Spa-Francorchamps,/en/1987/belgique,192,1987,Belgium
Spa-Francorchamps,/en/1988/belgique,125,1988,Belgium
Spa-Francorchamps,/en/1989/belgique,160,1989,Belgium
Spa-Francorchamps,/en/1990/belgique,155,1990,Belgium
Spa-Francorchamps,/en/1991/belgique,254,1991,Belgium
Spa-Francorchamps,/en/1992/belgique,302,1992,Belgium
Spa-Francorchamps,/en/1993/belgique,202,1993,Belgium
Spa-Francorchamps,/en/2009/belgique,161,2009,Belgium
Spa-Francorchamps,/en/2010/belgique,221,2010,Belgium
Spa-Francorchamps,/en/2011/belgique,303,2011,Belgium
Spa-Francorchamps,/en/2012/belgique,273,2012,Belgium
Spa-Francorchamps,/en/2013/belgique,234,2013,Belgium
Spa-Francorchamps,/en/2014/belgique,240,2014,Belgium
Spa-Francorchamps,/en/2015/belgique,164,2015,Belgium
Spa-Francorchamps,/en/2016/belgique,238,2016,Belgium
Spa-Francorchamps,/en/2017/belgique,159,2017,Belgium
Spa-Francorchamps,/en/2018/belgique,89,2018,Belgium
Spa-Francorchamps,/en/2019/belgique,187,2019,Belgium
Spa-Francorchamps,/en/2020/belgique,94,2020,Belgium
Spa-Francorchamps,/en/2021/belgique,13,2021,Belgium
Spa-Francorchamps,/en/2022/belgique,257,2022,Belgium
Spa-Francorchamps,/en/2023/belgique,238,2023,Belgium
Spa-Francorchamps,/en/1967/belgique,87,1967,Belgium
Spa-Francorchamps,/en/1968/belgique,109,1968,Belgium
Spa-Francorchamps,/en/1970/belgique,100,1970,Belgium
Spa-Francorchamps,/en/1983/belgique,205,1983,Belgium
Spa-Francorchamps,/en/1999/belgique,127,1999,Belgium
Spa-Francorchamps,/en/2000/belgique,210,2000,Belgium
Spa-Francorchamps,/en/2001/belgique,153,2001,Belgium
Spa-Francorchamps,/en/2002/belgique,157,2002,Belgium
Spa-Francorchamps,/en/2004/belgique,209,2004,Belgium
Spa-Francorchamps,/en/2005/belgique,207,2005,Belgium
Spa-Francorchamps,/en/2007/belgique,152,2007,Belgium
Spa-Francorchamps,/en/2008/belgique,171,2008,Belgium
Spa-Francorchamps,/en/1950/belgique,51,1950,Belgium
Spa-Francorchamps,/en/1951/belgique,50,1951,Belgium
Spa-Francorchamps,/en/1952/belgique,125,1952,Belgium
Spa-Francorchamps,/en/1997/belgique,262,1997,Belgium
Spa-Francorchamps,/en/1998/belgique,118,1998,Belgium
Spa-Francorchamps,/en/1955/belgique,54,1955,Belgium
Spa-Francorchamps,/en/1956/belgique,67,1956,Belgium
Spa-Francorchamps,/en/1958/belgique,111,1958,Belgium
Spa-Francorchamps,/en/1960/belgique,98,1960,Belgium
Spa-Francorchamps,/en/1961/belgique,115,1961,Belgium
Spa-Francorchamps,/en/1962/belgique,122,1962,Belgium
Spa-Francorchamps,/en/1963/belgique,154,1963,Belgium
Spa-Francorchamps,/en/1964/belgique,103,1964,Belgium
Spa-Francorchamps,/en/1965/belgique,87,1965,Belgium
Spa-Francorchamps,/en/1966/belgique,30,1966,Belgium
Spa-Francorchamps,/en/1953/belgique,109,1953,Belgium
Spa-Francorchamps,/en/1954/belgique,48,1954,Belgium
Spielberg,/en/2021/autriche,187,2021,Austria
Spielberg,/en/2001/autriche,153,2001,Austria
Spielberg,/en/2002/autriche,189,2002,Austria
Spielberg,/en/2003/autriche,201,2003,Austria
Spielberg,/en/2014/autriche,253,2014,Austria
Spielberg,/en/2015/autriche,94,2015,Austria
Spielberg,/en/2016/autriche,363,2016,Austria
Spielberg,/en/2017/autriche,87,2017,Austria
Spielberg,/en/2018/autriche,155,2018,Austria
Spielberg,/en/2019/autriche,141,2019,Austria
Spielberg,/en/2020/autriche,119,2020,Austria
Spielberg,/en/1997/autriche,184,1997,Austria
Spielberg,/en/1998/autriche,176,1998,Austria
Spielberg,/en/1999/autriche,226,1999,Austria
Spielberg,/en/2000/autriche,189,2000,Austria
Spielberg,/en/2023/autriche,203,2023,Austria
Spielberg,/en/2022/autriche,278,2022,Austria
Suzuka,/en/2017/japon,136,2017,Japan
Suzuka,/en/2018/japon,171,2018,Japan
Suzuka,/en/2016/japon,241,2016,Japan
Suzuka,/en/2023/japon,206,2023,Japan
Suzuka,/en/1993/japon,214,1993,Japan
Suzuka,/en/2019/japon,187,2019,Japan
Suzuka,/en/2022/japon,167,2022,Japan
Suzuka,/en/1996/japon,144,1996,Japan
Suzuka,/en/1997/japon,169,1997,Japan
Suzuka,/en/1994/japon,115,1994,Japan
Suzuka,/en/1995/japon,214,1995,Japan
Suzuka,/en/1987/japon,216,1987,Japan
Suzuka,/en/1988/japon,234,1988,Japan
Suzuka,/en/1989/japon,205,1989,Japan
Suzuka,/en/1990/japon,170,1990,Japan
Suzuka,/en/1991/japon,203,1991,Japan
Suzuka,/en/1992/japon,242,1992,Japan
Suzuka,/en/2006/japon,181,2006,Japan
Suzuka,/en/2009/japon,155,2009,Japan
Suzuka,/en/2010/japon,144,2010,Japan
Suzuka,/en/2011/japon,323,2011,Japan
Suzuka,/en/2012/japon,253,2012,Japan
Suzuka,/en/1998/japon,134,1998,Japan
Suzuka,/en/1999/japon,142,1999,Japan
Suzuka,/en/2000/japon,159,2000,Japan
Suzuka,/en/2001/japon,178,2001,Japan
Suzuka,/en/2002/japon,140,2002,Japan
Suzuka,/en/2003/japon,259,2003,Japan
Suzuka,/en/2004/japon,205,2004,Japan
Suzuka,/en/2005/japon,177,2005,Japan
Suzuka,/en/2013/japon,231,2013,Japan
Suzuka,/en/2014/japon,220,2014,Japan
Suzuka,/en/2015/japon,181,2015,Japan
Valencia,/en/2008/europe,126,2008,Spain
Valencia,/en/2012/europe,367,2012,Spain
Valencia,/en/2009/europe,147,2009,Spain
Valencia,/en/2010/europe,155,2010,Spain
Valencia,/en/2011/europe,203,2011,Spain
Watkins-Glen,/en/1962/etats-unis,106,1962,NA
Watkins-Glen,/en/1963/etats-unis,144,1963,NA
Watkins-Glen,/en/1964/etats-unis,141,1964,NA
Watkins-Glen,/en/1961/etats-unis,171,1961,NA
Watkins-Glen,/en/1965/etats-unis,115,1965,NA
Watkins-Glen,/en/1966/etats-unis,154,1966,NA
Watkins-Glen,/en/1967/etats-unis,120,1967,NA
Watkins-Glen,/en/1968/etats-unis,147,1968,NA
Watkins-Glen,/en/1969/etats-unis,117,1969,NA
Watkins-Glen,/en/1972/etats-unis,360,1972,NA
Watkins-Glen,/en/1971/etats-unis,255,1971,NA
Watkins-Glen,/en/1973/etats-unis,230,1973,NA
Watkins-Glen,/en/1974/etats-unis,212,1974,NA
Watkins-Glen,/en/1975/etats-unis,163,1975,NA
Watkins-Glen,/en/1970/etats-unis,176,1970,NA
Yas-Marina,/en/2020/abou-dhabi,91,2020,NA
Yas-Marina,/en/2022/abou-dhabi,213,2022,NA
Yas-Marina,/en/2015/abou-dhabi,190,2015,NA
Yas-Marina,/en/2014/abou-dhabi,256,2014,NA
Yas-Marina,/en/2016/abou-dhabi,229,2016,NA
Yas-Marina,/en/2017/abou-dhabi,115,2017,NA
Yas-Marina,/en/2019/abou-dhabi,151,2019,NA
Yas-Marina,/en/2021/abou-dhabi,153,2021,NA
Yas-Marina,/en/2011/abou-dhabi,215,2011,NA
Yas-Marina,/en/2013/abou-dhabi,232,2013,NA
Yas-Marina,/en/2018/abou-dhabi,159,2018,NA
Yas-Marina,/en/2012/abou-dhabi,285,2012,NA
Yas-Marina,/en/2010/abou-dhabi,163,2010,NA
Yas-Marina,/en/2009/abou-dhabi,150,2009,NA
Yeongam,/en/2010/coree-du-sud,196,2010,South Korea
Yeongam,/en/2011/coree-du-sud,230,2011,South Korea
Yeongam,/en/2012/coree-du-sud,170,2012,South Korea
Yeongam,/en/2013/coree-du-sud,311,2013,South Korea
Zandvoort,/en/1952/pays-bas,87,1952,Netherlands
Zandvoort,/en/1953/pays-bas,100,1953,Netherlands
Zandvoort,/en/1955/pays-bas,64,1955,Netherlands
Zandvoort,/en/1958/pays-bas,75,1958,Netherlands
Zandvoort,/en/1959/pays-bas,82,1959,Netherlands
Zandvoort,/en/1960/pays-bas,119,1960,Netherlands
Zandvoort,/en/1961/pays-bas,65,1961,Netherlands
Zandvoort,/en/1962/pays-bas,168,1962,Netherlands
Zandvoort,/en/1963/pays-bas,139,1963,Netherlands
Zandvoort,/en/1964/pays-bas,79,1964,Netherlands
Zandvoort,/en/1965/pays-bas,63,1965,Netherlands
Zandvoort,/en/1966/pays-bas,97,1966,Netherlands
Zandvoort,/en/1967/pays-bas,93,1967,Netherlands
Zandvoort,/en/1968/pays-bas,135,1968,Netherlands
Zandvoort,/en/1969/pays-bas,71,1969,Netherlands
Zandvoort,/en/1970/pays-bas,101,1970,Netherlands
Zandvoort,/en/1971/pays-bas,180,1971,Netherlands
Zandvoort,/en/1973/pays-bas,170,1973,Netherlands
Zandvoort,/en/1974/pays-bas,155,1974,Netherlands
Zandvoort,/en/1975/pays-bas,366,1975,Netherlands
Zandvoort,/en/1976/pays-bas,146,1976,Netherlands
Zandvoort,/en/1977/pays-bas,228,1977,Netherlands
Zandvoort,/en/1978/pays-bas,132,1978,Netherlands
Zandvoort,/en/1979/pays-bas,170,1979,Netherlands
Zandvoort,/en/1980/pays-bas,188,1980,Netherlands
Zandvoort,/en/1981/pays-bas,171,1981,Netherlands
Zandvoort,/en/1982/pays-bas,215,1982,Netherlands
Zandvoort,/en/1983/pays-bas,278,1983,Netherlands
Zandvoort,/en/1984/pays-bas,245,1984,Netherlands
Zandvoort,/en/1985/pays-bas,262,1985,Netherlands
Zandvoort,/en/2021/pays-bas,102,2021,Netherlands
Zandvoort,/en/2022/pays-bas,190,2022,Netherlands
Zandvoort,/en/2023/pays-bas,355,2023,Netherlands
Zeltweg,/en/1964/autriche,205,1964,Austria
Zolder,/en/1973/belgique,211,1973,Belgium
Zolder,/en/1975/belgique,148,1975,Belgium
Zolder,/en/1976/belgique,180,1976,Belgium
Zolder,/en/1977/belgique,349,1977,Belgium
Zolder,/en/1978/belgique,254,1978,Belgium
Zolder,/en/1979/belgique,224,1979,Belgium
Zolder,/en/1980/belgique,134,1980,Belgium
Zolder,/en/1981/belgique,142,1981,Belgium
Zolder,/en/1982/belgique,227,1982,Belgium
Zolder,/en/1984/belgique,253,1984,Belgium
